Player,Player ID,Season,Season End Year,Team,On MP,On ORB%,On DRB%,On TRB%,Off MP,Off ORB%,Off DRB%,Off TRB%,TRB% Swing,Source
Andre Drummond,drumman01,2012-13,2013,DET,1243,31.5,70.4,50.7,2718,26.8,74.2,50.0,0.7,https://www.basketball-reference.com/players/d/drumman01/on-off/2013
Andre Drummond,drumman01,2013-14,2014,DET,2610,33.5,74.3,53.0,1334,27.5,71.8,48.3,4.7,https://www.basketball-reference.com/players/d/drumman01/on-off/2014
Andre Drummond,drumman01,2014-15,2015,DET,2493,29.2,74.7,51.1,1457,25.3,75.5,49.4,1.7,https://www.basketball-reference.com/players/d/drumman01/on-off/2015
Andre Drummond,drumman01,2015-16,2016,DET,2658,28.2,78.8,52.3,1306,24.5,80.4,51.9,0.4,https://www.basketball-reference.com/players/d/drumman01/on-off/2016
Andre Drummond,drumman01,2016-17,2017,DET,2404,24.9,80.3,50.8,1548,22.8,82.7,52.9,-2.1,https://www.basketball-reference.com/players/d/drumman01/on-off/2017
Andre Drummond,drumman01,2017-18,2018,DET,2605,24.5,78.4,50.7,1326,18.8,78.6,48.5,2.2,https://www.basketball-reference.com/players/d/drumman01/on-off/2018
Andre Drummond,drumman01,2018-19,2019,DET,2648,26.5,78.1,51.5,1324,21.7,79.8,49.3,2.2,https://www.basketball-reference.com/players/d/drumman01/on-off/2019
Andre Drummond,drumman01,2019-20,2020,CLE,225,28.1,77.2,51.4,2923,24.3,77.5,50.8,0.6,https://www.basketball-reference.com/players/d/drumman01/on-off/2020
Andre Drummond,drumman01,2019-20,2020,DET,1656,23.7,77.2,49.9,1540,21.4,74.6,47.9,2.0,https://www.basketball-reference.com/players/d/drumman01/on-off/2020
Andre Drummond,drumman01,2020-21,2021,CLE,722,26.5,77.1,50.8,2767,22.9,76.5,49.1,1.7,https://www.basketball-reference.com/players/d/drumman01/on-off/2021
Andre Drummond,drumman01,2020-21,2021,LAL,520,24.0,81.7,51.7,2974,22.2,79.4,51.2,0.5,https://www.basketball-reference.com/players/d/drumman01/on-off/2021
Andre Drummond,drumman01,2021-22,2022,BRK,535,30.1,74.8,52.7,3419,22.9,75.2,49.8,2.9,https://www.basketball-reference.com/players/d/drumman01/on-off/2022
Andre Drummond,drumman01,2021-22,2022,PHI,903,24.3,76.1,50.0,3060,18.8,77.0,48.6,1.4,https://www.basketball-reference.com/players/d/drumman01/on-off/2022
Andre Drummond,drumman01,2022-23,2023,CHI,853,27.6,76.0,51.8,3132,17.9,78.3,48.8,3.0,https://www.basketball-reference.com/players/d/drumman01/on-off/2023
Andre Drummond,drumman01,2023-24,2024,CHI,1352,33.5,76.2,54.5,2647,20.8,76.4,48.1,6.4,https://www.basketball-reference.com/players/d/drumman01/on-off/2024
Andre Drummond,drumman01,2024-25,2025,PHI,750,27.9,72.3,48.3,3214,22.3,71.7,46.2,2.1,https://www.basketball-reference.com/players/d/drumman01/on-off/2025
Andre Drummond,drumman01,2025-26,2026,PHI,1231,30.3,72.4,50.3,2747,24.2,72.5,48.5,1.8,https://www.basketball-reference.com/players/d/drumman01/on-off/2026
DeAndre Jordan,jordade01,2008-09,2009,LAC,772,26.2,67.4,46.3,3204,24.9,72.1,47.7,-1.4,https://www.basketball-reference.com/players/j/jordade01/on-off/2009
DeAndre Jordan,jordade01,2009-10,2010,LAC,1137,27.1,76.4,51.4,2804,27.2,73.1,50.1,1.3,https://www.basketball-reference.com/players/j/jordade01/on-off/2010
DeAndre Jordan,jordade01,2010-11,2011,LAC,2046,30.2,72.9,52.2,1925,26.5,73.6,49.7,2.5,https://www.basketball-reference.com/players/j/jordade01/on-off/2011
DeAndre Jordan,jordade01,2011-12,2012,LAC,1798,29.8,72.8,51.5,1395,29.1,73.7,50.5,1.0,https://www.basketball-reference.com/players/j/jordade01/on-off/2012
DeAndre Jordan,jordade01,2012-13,2013,LAC,2009,29.5,74.7,52.3,1937,28.2,72.4,50.8,1.5,https://www.basketball-reference.com/players/j/jordade01/on-off/2013
DeAndre Jordan,jordade01,2013-14,2014,LAC,2861,26.5,72.7,50.6,1076,21.1,72.1,46.8,3.8,https://www.basketball-reference.com/players/j/jordade01/on-off/2014
DeAndre Jordan,jordade01,2014-15,2015,LAC,2807,26.4,76.2,51.9,1121,14.1,74.6,44.7,7.2,https://www.basketball-reference.com/players/j/jordade01/on-off/2015
DeAndre Jordan,jordade01,2015-16,2016,LAC,2586,20.7,75.6,49.0,1360,19.3,70.3,44.4,4.6,https://www.basketball-reference.com/players/j/jordade01/on-off/2016
DeAndre Jordan,jordade01,2016-17,2017,LAC,2564,23.6,78.4,52.1,1374,18.0,73.8,45.9,6.2,https://www.basketball-reference.com/players/j/jordade01/on-off/2017
DeAndre Jordan,jordade01,2017-18,2018,LAC,2408,24.1,77.6,51.2,1503,22.7,73.3,48.5,2.7,https://www.basketball-reference.com/players/j/jordade01/on-off/2018
DeAndre Jordan,jordade01,2018-19,2019,DAL,1554,23.3,77.7,51.2,2404,22.2,77.4,49.6,1.6,https://www.basketball-reference.com/players/j/jordade01/on-off/2019
DeAndre Jordan,jordade01,2018-19,2019,NYK,493,22.8,77.5,50.1,3466,22.0,75.9,48.3,1.8,https://www.basketball-reference.com/players/j/jordade01/on-off/2019
DeAndre Jordan,jordade01,2019-20,2020,BRK,1235,24.9,80.3,54.0,2263,22.3,76.3,49.4,4.6,https://www.basketball-reference.com/players/j/jordade01/on-off/2020
DeAndre Jordan,jordade01,2020-21,2021,BRK,1246,21.6,78.8,51.6,2238,21.3,76.3,50.3,1.3,https://www.basketball-reference.com/players/j/jordade01/on-off/2021
DeAndre Jordan,jordade01,2021-22,2022,LAL,408,22.9,74.9,49.9,3591,20.9,75.9,48.4,1.5,https://www.basketball-reference.com/players/j/jordade01/on-off/2022
DeAndre Jordan,jordade01,2021-22,2022,PHI,214,28.7,82.7,56.4,3749,19.6,76.4,48.5,7.9,https://www.basketball-reference.com/players/j/jordade01/on-off/2022
DeAndre Jordan,jordade01,2022-23,2023,DEN,565,23.4,75.3,50.5,3341,24.9,76.7,51.5,-1.0,https://www.basketball-reference.com/players/j/jordade01/on-off/2023
DeAndre Jordan,jordade01,2023-24,2024,DEN,397,28.9,72.7,50.7,3559,25.1,75.9,51.3,-0.6,https://www.basketball-reference.com/players/j/jordade01/on-off/2024
DeAndre Jordan,jordade01,2024-25,2025,DEN,691,27.6,76.8,53.3,3281,26.6,74.1,51.6,1.7,https://www.basketball-reference.com/players/j/jordade01/on-off/2025
DeAndre Jordan,jordade01,2025-26,2026,NOP,199,30.7,71.7,51.9,3765,26.8,71.4,48.8,3.1,https://www.basketball-reference.com/players/j/jordade01/on-off/2026
Nikola Vucevic,vucevni01,2011-12,2012,PHI,811,26.1,77.7,51.3,2372,23.8,74.4,49.1,2.2,https://www.basketball-reference.com/players/v/vucevni01/on-off/2012
Nikola Vucevic,vucevni01,2012-13,2013,ORL,2560,26.0,75.7,50.7,1396,24.1,72.7,48.7,2.0,https://www.basketball-reference.com/players/v/vucevni01/on-off/2013
Nikola Vucevic,vucevni01,2013-14,2014,ORL,1807,23.7,77.2,50.3,2178,21.4,74.1,47.7,2.6,https://www.basketball-reference.com/players/v/vucevni01/on-off/2014
Nikola Vucevic,vucevni01,2014-15,2015,ORL,2516,23.6,76.9,49.4,1414,22.1,74.4,48.3,1.1,https://www.basketball-reference.com/players/v/vucevni01/on-off/2015
Nikola Vucevic,vucevni01,2015-16,2016,ORL,2028,24.0,77.9,50.3,1937,22.3,75.0,48.5,1.8,https://www.basketball-reference.com/players/v/vucevni01/on-off/2016
Nikola Vucevic,vucevni01,2016-17,2017,ORL,2156,22.2,78.6,49.8,1793,20.9,75.9,47.4,2.4,https://www.basketball-reference.com/players/v/vucevni01/on-off/2017
Nikola Vucevic,vucevni01,2017-18,2018,ORL,1674,17.5,78.4,48.0,2247,21.8,73.6,47.3,0.7,https://www.basketball-reference.com/players/v/vucevni01/on-off/2018
Nikola Vucevic,vucevni01,2018-19,2019,ORL,2512,22.6,80.4,51.6,1447,21.0,78.4,48.4,3.2,https://www.basketball-reference.com/players/v/vucevni01/on-off/2019
Nikola Vucevic,vucevni01,2019-20,2020,ORL,1998,19.8,81.2,49.7,1518,25.5,76.4,49.9,-0.2,https://www.basketball-reference.com/players/v/vucevni01/on-off/2020
Nikola Vucevic,vucevni01,2020-21,2021,CHI,836,23.5,83.5,52.9,2644,21.9,79.4,51.2,1.7,https://www.basketball-reference.com/players/v/vucevni01/on-off/2021
Nikola Vucevic,vucevni01,2020-21,2021,ORL,1501,19.9,81.0,49.6,1967,22.9,76.1,48.5,1.1,https://www.basketball-reference.com/players/v/vucevni01/on-off/2021
Nikola Vucevic,vucevni01,2021-22,2022,CHI,2418,18.3,79.3,48.8,1530,23.9,76.7,50.7,-1.9,https://www.basketball-reference.com/players/v/vucevni01/on-off/2022
Nikola Vucevic,vucevni01,2022-23,2023,CHI,2748,17.3,79.5,48.9,1237,25.9,74.4,50.4,-1.5,https://www.basketball-reference.com/players/v/vucevni01/on-off/2023
Nikola Vucevic,vucevni01,2023-24,2024,CHI,2612,21.9,76.7,48.7,1388,31.1,75.6,53.1,-4.4,https://www.basketball-reference.com/players/v/vucevni01/on-off/2024
Nikola Vucevic,vucevni01,2024-25,2025,CHI,2279,21.5,77.5,50.2,1675,23.3,75.2,49.5,0.7,https://www.basketball-reference.com/players/v/vucevni01/on-off/2025
Nikola Vucevic,vucevni01,2025-26,2026,BOS,338,25.7,79.8,53.9,3611,29.5,75.3,52.9,1.0,https://www.basketball-reference.com/players/v/vucevni01/on-off/2026
Nikola Vucevic,vucevni01,2025-26,2026,CHI,1480,22.1,77.3,50.6,2473,23.7,74.4,49.1,1.5,https://www.basketball-reference.com/players/v/vucevni01/on-off/2026
Rudy Gobert,goberru01,2013-14,2014,UTA,434,30.8,73.8,52.4,3512,24.8,74.6,48.8,3.6,https://www.basketball-reference.com/players/g/goberru01/on-off/2014
Rudy Gobert,goberru01,2014-15,2015,UTA,2145,29.8,76.6,53.5,1773,28.2,76.0,52.1,1.4,https://www.basketball-reference.com/players/g/goberru01/on-off/2015
Rudy Gobert,goberru01,2015-16,2016,UTA,1924,26.7,77.8,52.9,2047,25.2,77.6,51.0,1.9,https://www.basketball-reference.com/players/g/goberru01/on-off/2016
Rudy Gobert,goberru01,2016-17,2017,UTA,2731,23.6,78.8,52.6,1202,22.4,79.1,50.2,2.4,https://www.basketball-reference.com/players/g/goberru01/on-off/2017
Rudy Gobert,goberru01,2017-18,2018,UTA,1805,22.5,80.5,52.3,2114,20.6,79.2,49.8,2.5,https://www.basketball-reference.com/players/g/goberru01/on-off/2018
Rudy Gobert,goberru01,2018-19,2019,UTA,2579,22.6,81.1,52.4,1376,23.4,78.7,51.5,0.9,https://www.basketball-reference.com/players/g/goberru01/on-off/2019
Rudy Gobert,goberru01,2019-20,2020,UTA,2334,19.9,79.4,51.5,1140,24.7,78.0,50.8,0.7,https://www.basketball-reference.com/players/g/goberru01/on-off/2020
Rudy Gobert,goberru01,2020-21,2021,UTA,2188,24.2,79.9,54.2,1286,25.1,78.1,51.3,2.9,https://www.basketball-reference.com/players/g/goberru01/on-off/2021
Rudy Gobert,goberru01,2021-22,2022,UTA,2125,25.6,78.8,53.5,1825,25.1,77.6,51.7,1.8,https://www.basketball-reference.com/players/g/goberru01/on-off/2022
Rudy Gobert,goberru01,2022-23,2023,MIN,2118,24.1,75.7,51.0,1803,18.6,72.9,45.5,5.5,https://www.basketball-reference.com/players/g/goberru01/on-off/2023
Rudy Gobert,goberru01,2023-24,2024,MIN,2594,25.2,77.5,53.4,1369,19.6,75.7,47.3,6.1,https://www.basketball-reference.com/players/g/goberru01/on-off/2024
Rudy Gobert,goberru01,2024-25,2025,MIN,2389,27.4,76.3,52.3,1580,23.5,73.2,48.5,3.8,https://www.basketball-reference.com/players/g/goberru01/on-off/2025
Rudy Gobert,goberru01,2025-26,2026,MIN,2381,26.8,75.2,51.6,1577,24.0,71.4,47.9,3.7,https://www.basketball-reference.com/players/g/goberru01/on-off/2026
Kevin Love,loveke01,2008-09,2009,MIN,2046,30.5,76.3,52.3,1915,24.6,73.6,48.5,3.8,https://www.basketball-reference.com/players/l/loveke01/on-off/2009
Kevin Love,loveke01,2009-10,2010,MIN,1715,30.4,74.5,52.2,2241,23.8,72.8,47.8,4.4,https://www.basketball-reference.com/players/l/loveke01/on-off/2010
Kevin Love,loveke01,2010-11,2011,MIN,2609,31.2,74.5,52.4,1347,26.6,72.0,48.4,4.0,https://www.basketball-reference.com/players/l/loveke01/on-off/2011
Kevin Love,loveke01,2011-12,2012,MIN,2145,29.6,74.8,51.8,1043,23.2,69.7,46.8,5.0,https://www.basketball-reference.com/players/l/loveke01/on-off/2012
Kevin Love,loveke01,2012-13,2013,MIN,618,33.3,78.3,55.1,3328,26.2,73.1,48.9,6.2,https://www.basketball-reference.com/players/l/loveke01/on-off/2013
Kevin Love,loveke01,2013-14,2014,MIN,2787,26.8,75.3,50.4,1176,28.9,72.4,50.1,0.3,https://www.basketball-reference.com/players/l/loveke01/on-off/2014
Kevin Love,loveke01,2014-15,2015,CLE,2517,27.2,74.6,51.3,1419,26.3,74.9,50.7,0.6,https://www.basketball-reference.com/players/l/loveke01/on-off/2015
Kevin Love,loveke01,2015-16,2016,CLE,2415,26.5,78.9,53.0,1541,22.9,77.9,50.6,2.4,https://www.basketball-reference.com/players/l/loveke01/on-off/2016
Kevin Love,loveke01,2016-17,2017,CLE,1885,26.5,76.9,52.1,2077,17.9,74.7,47.6,4.5,https://www.basketball-reference.com/players/l/loveke01/on-off/2017
Kevin Love,loveke01,2017-18,2018,CLE,1641,20.2,77.2,49.4,2275,19.9,77.2,48.9,0.5,https://www.basketball-reference.com/players/l/loveke01/on-off/2018
Kevin Love,loveke01,2018-19,2019,CLE,598,26.6,80.4,52.8,3357,23.1,76.3,48.5,4.3,https://www.basketball-reference.com/players/l/loveke01/on-off/2019
Kevin Love,loveke01,2019-20,2020,CLE,1780,24.4,77.8,50.6,1367,24.9,77.2,51.0,-0.4,https://www.basketball-reference.com/players/l/loveke01/on-off/2020
Kevin Love,loveke01,2020-21,2021,CLE,621,19.5,79.4,48.9,2868,24.5,76.0,49.6,-0.7,https://www.basketball-reference.com/players/l/loveke01/on-off/2021
Kevin Love,loveke01,2021-22,2022,CLE,1666,23.8,77.7,51.1,2282,24.1,75.5,50.5,0.6,https://www.basketball-reference.com/players/l/loveke01/on-off/2022
Kevin Love,loveke01,2022-23,2023,CLE,822,24.0,77.6,50.7,3158,23.4,75.9,49.7,1.0,https://www.basketball-reference.com/players/l/loveke01/on-off/2023
Kevin Love,loveke01,2022-23,2023,MIA,418,21.9,77.7,50.1,3546,22.9,77.6,49.1,1.0,https://www.basketball-reference.com/players/l/loveke01/on-off/2023
Kevin Love,loveke01,2023-24,2024,MIA,925,23.8,78.5,50.6,3030,21.1,78.0,49.4,1.2,https://www.basketball-reference.com/players/l/loveke01/on-off/2024
Kevin Love,loveke01,2024-25,2025,MIA,252,22.4,77.9,49.1,3738,22.3,75.7,49.3,-0.2,https://www.basketball-reference.com/players/l/loveke01/on-off/2025
Kevin Love,loveke01,2025-26,2026,UTA,613,27.8,74.1,50.3,3355,25.9,72.6,48.7,1.6,https://www.basketball-reference.com/players/l/loveke01/on-off/2026
Al Horford,horfoal01,2007-08,2008,ATL,2540,29.3,72.1,50.6,1431,30.4,71.1,51.2,-0.6,https://www.basketball-reference.com/players/h/horfoal01/on-off/2008
Al Horford,horfoal01,2008-09,2009,ATL,2241,24.8,72.5,48.9,1700,27.5,70.5,48.8,0.1,https://www.basketball-reference.com/players/h/horfoal01/on-off/2009
Al Horford,horfoal01,2009-10,2010,ATL,2845,27.3,73.6,50.5,1126,30.3,70.3,49.6,0.9,https://www.basketball-reference.com/players/h/horfoal01/on-off/2010
Al Horford,horfoal01,2010-11,2011,ATL,2704,22.9,75.5,49.5,1242,24.6,72.5,48.5,1.0,https://www.basketball-reference.com/players/h/horfoal01/on-off/2011
Al Horford,horfoal01,2011-12,2012,ATL,348,25.5,72.6,48.7,2885,23.7,74.6,49.4,-0.7,https://www.basketball-reference.com/players/h/horfoal01/on-off/2012
Al Horford,horfoal01,2012-13,2013,ATL,2755,21.9,73.6,48.5,1216,22.8,73.6,47.8,0.7,https://www.basketball-reference.com/players/h/horfoal01/on-off/2013
Al Horford,horfoal01,2013-14,2014,ATL,953,21.1,76.8,48.8,2999,20.9,73.7,47.6,1.2,https://www.basketball-reference.com/players/h/horfoal01/on-off/2014
Al Horford,horfoal01,2014-15,2015,ATL,2310,20.4,73.1,48.1,1616,22.7,73.9,48.3,-0.2,https://www.basketball-reference.com/players/h/horfoal01/on-off/2015
Al Horford,horfoal01,2015-16,2016,ATL,2624,18.1,74.6,47.0,1320,21.2,74.6,48.5,-1.5,https://www.basketball-reference.com/players/h/horfoal01/on-off/2016
Al Horford,horfoal01,2016-17,2017,BOS,2185,20.2,75.1,48.2,1750,22.4,75.5,48.9,-0.7,https://www.basketball-reference.com/players/h/horfoal01/on-off/2017
Al Horford,horfoal01,2017-18,2018,BOS,2265,19.5,78.4,50.4,1671,23.9,78.6,50.3,0.1,https://www.basketball-reference.com/players/h/horfoal01/on-off/2018
Al Horford,horfoal01,2018-19,2019,BOS,1974,19.8,77.1,49.1,1986,23.3,76.8,49.4,-0.3,https://www.basketball-reference.com/players/h/horfoal01/on-off/2019
Al Horford,horfoal01,2019-20,2020,PHI,2028,22.4,81.0,51.9,1494,26.0,79.3,52.2,-0.3,https://www.basketball-reference.com/players/h/horfoal01/on-off/2020
Al Horford,horfoal01,2020-21,2021,OKC,782,15.2,80.2,47.1,2692,23.0,77.3,49.8,-2.7,https://www.basketball-reference.com/players/h/horfoal01/on-off/2021
Al Horford,horfoal01,2021-22,2022,BOS,2007,22.4,79.1,51.4,1978,25.7,75.4,51.3,0.1,https://www.basketball-reference.com/players/h/horfoal01/on-off/2022
Al Horford,horfoal01,2022-23,2023,BOS,1922,20.3,79.7,50.8,2077,23.7,77.4,50.6,0.2,https://www.basketball-reference.com/players/h/horfoal01/on-off/2023
Al Horford,horfoal01,2023-24,2024,BOS,1741,23.0,78.2,51.9,2228,26.3,74.9,51.5,0.4,https://www.basketball-reference.com/players/h/horfoal01/on-off/2024
Al Horford,horfoal01,2024-25,2025,BOS,1659,24.3,79.0,51.6,2309,26.6,73.9,50.4,1.2,https://www.basketball-reference.com/players/h/horfoal01/on-off/2025
Al Horford,horfoal01,2025-26,2026,GSW,972,22.5,71.5,46.0,2991,26.9,73.3,49.8,-3.8,https://www.basketball-reference.com/players/h/horfoal01/on-off/2026
Jonas Valanciunas,valanjo01,2012-13,2013,TOR,1482,24.7,73.3,49.3,2514,25.9,73.6,49.0,0.3,https://www.basketball-reference.com/players/v/valanjo01/on-off/2013
Jonas Valanciunas,valanjo01,2013-14,2014,TOR,2279,26.2,74.2,50.6,1705,28.4,75.8,51.3,-0.7,https://www.basketball-reference.com/players/v/valanjo01/on-off/2014
Jonas Valanciunas,valanjo01,2014-15,2015,TOR,2089,24.3,73.7,49.7,1868,27.0,72.7,49.2,0.5,https://www.basketball-reference.com/players/v/valanjo01/on-off/2015
Jonas Valanciunas,valanjo01,2015-16,2016,TOR,1555,25.7,78.8,52.6,2390,24.0,77.0,50.9,1.7,https://www.basketball-reference.com/players/v/valanjo01/on-off/2016
Jonas Valanciunas,valanjo01,2016-17,2017,TOR,2058,26.1,76.5,51.1,1882,23.7,75.9,50.1,1.0,https://www.basketball-reference.com/players/v/valanjo01/on-off/2017
Jonas Valanciunas,valanjo01,2017-18,2018,TOR,1722,24.2,79.1,52.8,2217,22.2,76.4,49.4,3.4,https://www.basketball-reference.com/players/v/valanjo01/on-off/2018
Jonas Valanciunas,valanjo01,2018-19,2019,MEM,527,23.7,76.0,50.3,3452,19.5,77.8,48.0,2.3,https://www.basketball-reference.com/players/v/valanjo01/on-off/2019
Jonas Valanciunas,valanjo01,2018-19,2019,TOR,565,21.8,75.2,50.4,3414,21.9,77.4,50.2,0.2,https://www.basketball-reference.com/players/v/valanjo01/on-off/2019
Jonas Valanciunas,valanjo01,2019-20,2020,MEM,1846,24.7,79.8,53.3,1670,21.2,75.2,48.1,5.2,https://www.basketball-reference.com/players/v/valanjo01/on-off/2020
Jonas Valanciunas,valanjo01,2020-21,2021,MEM,1755,27.6,80.1,53.7,1729,20.6,76.4,48.1,5.6,https://www.basketball-reference.com/players/v/valanjo01/on-off/2021
Jonas Valanciunas,valanjo01,2021-22,2022,NOP,2240,26.0,79.2,52.7,1714,28.0,76.9,51.0,1.7,https://www.basketball-reference.com/players/v/valanjo01/on-off/2022
Jonas Valanciunas,valanjo01,2022-23,2023,NOP,1969,26.4,77.9,52.4,2006,23.1,76.9,49.8,2.6,https://www.basketball-reference.com/players/v/valanjo01/on-off/2023
Jonas Valanciunas,valanjo01,2023-24,2024,NOP,1926,24.8,78.8,52.7,2018,24.0,75.1,49.3,3.4,https://www.basketball-reference.com/players/v/valanjo01/on-off/2024
Jonas Valanciunas,valanjo01,2024-25,2025,SAC,543,29.0,79.5,54.3,3435,24.8,76.5,50.6,3.7,https://www.basketball-reference.com/players/v/valanjo01/on-off/2025
Jonas Valanciunas,valanjo01,2024-25,2025,WAS,983,25.7,74.5,50.5,2965,21.8,71.1,46.2,4.3,https://www.basketball-reference.com/players/v/valanjo01/on-off/2025
Jonas Valanciunas,valanjo01,2025-26,2026,DEN,872,27.2,76.4,53.0,3116,22.6,74.9,50.0,3.0,https://www.basketball-reference.com/players/v/valanjo01/on-off/2026
Nikola Jokic,jokicni01,2015-16,2016,DEN,1726,27.3,79.4,52.8,2226,24.7,75.5,49.8,3.0,https://www.basketball-reference.com/players/j/jokicni01/on-off/2016
Nikola Jokic,jokicni01,2016-17,2017,DEN,2031,27.7,80.1,54.4,1904,27.1,76.9,51.8,2.6,https://www.basketball-reference.com/players/j/jokicni01/on-off/2017
Nikola Jokic,jokicni01,2017-18,2018,DEN,2430,26.6,79.2,53.0,1518,24.1,74.9,49.6,3.4,https://www.basketball-reference.com/players/j/jokicni01/on-off/2018
Nikola Jokic,jokicni01,2018-19,2019,DEN,2504,27.6,79.3,53.5,1446,24.9,75.8,49.9,3.6,https://www.basketball-reference.com/players/j/jokicni01/on-off/2019
Nikola Jokic,jokicni01,2019-20,2020,DEN,2336,24.7,77.1,51.1,1215,25.0,76.2,50.3,0.8,https://www.basketball-reference.com/players/j/jokicni01/on-off/2020
Nikola Jokic,jokicni01,2020-21,2021,DEN,2478,25.1,78.6,52.2,1021,23.8,79.8,51.3,0.9,https://www.basketball-reference.com/players/j/jokicni01/on-off/2021
Nikola Jokic,jokicni01,2021-22,2022,DEN,2476,22.2,79.2,52.9,1489,21.5,76.5,47.9,5.0,https://www.basketball-reference.com/players/j/jokicni01/on-off/2022
Nikola Jokic,jokicni01,2022-23,2023,DEN,2323,25.7,78.0,53.0,1583,23.3,74.3,49.0,4.0,https://www.basketball-reference.com/players/j/jokicni01/on-off/2023
Nikola Jokic,jokicni01,2023-24,2024,DEN,2726,25.7,78.2,52.8,1230,25.1,69.9,47.9,4.9,https://www.basketball-reference.com/players/j/jokicni01/on-off/2024
Nikola Jokic,jokicni01,2024-25,2025,DEN,2572,28.0,75.1,53.1,1401,24.6,73.8,49.7,3.4,https://www.basketball-reference.com/players/j/jokicni01/on-off/2025
Nikola Jokic,jokicni01,2025-26,2026,DEN,2266,24.7,77.2,52.1,1722,22.2,72.9,48.8,3.3,https://www.basketball-reference.com/players/j/jokicni01/on-off/2026
Giannis Antetokounmpo,antetgi01,2013-14,2014,MIL,1893,28.1,70.1,48.9,2074,26.3,72.7,48.3,0.6,https://www.basketball-reference.com/players/a/antetgi01/on-off/2014
Giannis Antetokounmpo,antetgi01,2014-15,2015,MIL,2531,26.6,73.8,50.3,1439,23.4,72.5,48.2,2.1,https://www.basketball-reference.com/players/a/antetgi01/on-off/2015
Giannis Antetokounmpo,antetgi01,2015-16,2016,MIL,2814,25.2,73.4,49.5,1139,24.6,72.3,48.7,0.8,https://www.basketball-reference.com/players/a/antetgi01/on-off/2016
Giannis Antetokounmpo,antetgi01,2016-17,2017,MIL,2834,21.7,75.1,48.6,1103,21.0,76.0,49.2,-0.6,https://www.basketball-reference.com/players/a/antetgi01/on-off/2017
Giannis Antetokounmpo,antetgi01,2017-18,2018,MIL,2740,20.6,76.9,49.0,1199,20.1,73.9,46.5,2.5,https://www.basketball-reference.com/players/a/antetgi01/on-off/2018
Giannis Antetokounmpo,antetgi01,2018-19,2019,MIL,2360,20.0,81.1,52.6,1599,21.9,79.2,52.0,0.6,https://www.basketball-reference.com/players/a/antetgi01/on-off/2019
Giannis Antetokounmpo,antetgi01,2019-20,2020,MIL,1918,20.7,82.6,53.9,1603,20.6,80.4,51.9,2.0,https://www.basketball-reference.com/players/a/antetgi01/on-off/2020
Giannis Antetokounmpo,antetgi01,2020-21,2021,MIL,2013,22.1,81.3,53.0,1455,25.0,77.6,51.9,1.1,https://www.basketball-reference.com/players/a/antetgi01/on-off/2021
Giannis Antetokounmpo,antetgi01,2021-22,2022,MIL,2206,21.5,80.7,52.7,1748,24.8,75.9,49.9,2.8,https://www.basketball-reference.com/players/a/antetgi01/on-off/2022
Giannis Antetokounmpo,antetgi01,2022-23,2023,MIL,2026,25.6,78.8,53.5,1943,24.4,76.7,51.3,2.2,https://www.basketball-reference.com/players/a/antetgi01/on-off/2023
Giannis Antetokounmpo,antetgi01,2023-24,2024,MIL,2580,22.4,78.0,51.0,1384,20.7,75.7,48.5,2.5,https://www.basketball-reference.com/players/a/antetgi01/on-off/2024
Giannis Antetokounmpo,antetgi01,2024-25,2025,MIL,2289,19.8,77.1,49.9,1665,18.7,75.0,47.6,2.3,https://www.basketball-reference.com/players/a/antetgi01/on-off/2025
Giannis Antetokounmpo,antetgi01,2025-26,2026,MIL,1040,22.0,74.7,49.3,2914,20.7,74.0,47.3,2.0,https://www.basketball-reference.com/players/a/antetgi01/on-off/2026
Anthony Davis,davisan02,2012-13,2013,NOH,1845,30.1,74.7,52.1,2111,28.5,74.2,50.8,1.3,https://www.basketball-reference.com/players/d/davisan02/on-off/2013
Anthony Davis,davisan02,2013-14,2014,NOP,2351,26.0,73.8,49.7,1609,28.1,73.8,50.5,-0.8,https://www.basketball-reference.com/players/d/davisan02/on-off/2014
Anthony Davis,davisan02,2014-15,2015,NOP,2446,27.1,75.3,51.3,1493,27.1,74.7,50.9,0.4,https://www.basketball-reference.com/players/d/davisan02/on-off/2015
Anthony Davis,davisan02,2015-16,2016,NOP,2156,20.1,78.9,48.6,1785,22.4,78.6,49.4,-0.8,https://www.basketball-reference.com/players/d/davisan02/on-off/2016
Anthony Davis,davisan02,2016-17,2017,NOP,2697,18.6,77.0,48.3,1266,18.9,75.7,45.7,2.6,https://www.basketball-reference.com/players/d/davisan02/on-off/2017
Anthony Davis,davisan02,2017-18,2018,NOP,2714,20.2,76.1,49.6,1251,19.8,78.2,49.0,0.6,https://www.basketball-reference.com/players/d/davisan02/on-off/2018
Anthony Davis,davisan02,2018-19,2019,NOP,1851,26.4,77.4,52.4,2103,22.2,76.2,49.4,3.0,https://www.basketball-reference.com/players/d/davisan02/on-off/2019
Anthony Davis,davisan02,2019-20,2020,LAL,2133,23.9,80.1,52.1,1287,25.4,77.0,51.8,0.3,https://www.basketball-reference.com/players/d/davisan02/on-off/2020
Anthony Davis,davisan02,2020-21,2021,LAL,1162,23.7,82.3,52.8,2333,21.9,78.5,50.5,2.3,https://www.basketball-reference.com/players/d/davisan02/on-off/2021
Anthony Davis,davisan02,2021-22,2022,LAL,1404,20.4,77.6,48.7,2595,21.5,74.9,48.5,0.2,https://www.basketball-reference.com/players/d/davisan02/on-off/2022
Anthony Davis,davisan02,2022-23,2023,LAL,1868,23.8,78.0,51.5,2062,21.6,74.9,49.4,2.1,https://www.basketball-reference.com/players/d/davisan02/on-off/2023
Anthony Davis,davisan02,2023-24,2024,LAL,2702,19.9,77.3,50.0,1272,19.9,73.9,48.4,1.6,https://www.basketball-reference.com/players/d/davisan02/on-off/2024
Anthony Davis,davisan02,2024-25,2025,DAL,266,21.3,76.7,50.8,3683,23.5,72.8,48.6,2.2,https://www.basketball-reference.com/players/d/davisan02/on-off/2025
Anthony Davis,davisan02,2024-25,2025,LAL,1439,22.5,75.1,49.9,2509,23.7,74.2,49.5,0.4,https://www.basketball-reference.com/players/d/davisan02/on-off/2025
Anthony Davis,davisan02,2025-26,2026,DAL,626,22.5,73.5,48.7,3348,23.3,74.2,48.9,-0.2,https://www.basketball-reference.com/players/d/davisan02/on-off/2026
Karl-Anthony Towns,townska01,2015-16,2016,MIN,2613,24.6,73.8,49.7,1344,23.8,76.3,50.0,-0.3,https://www.basketball-reference.com/players/t/townska01/on-off/2016
Karl-Anthony Towns,townska01,2016-17,2017,MIN,3020,27.5,75.7,51.4,927,26.9,76.4,50.6,0.8,https://www.basketball-reference.com/players/t/townska01/on-off/2017
Karl-Anthony Towns,townska01,2017-18,2018,MIN,2904,25.5,76.7,51.3,1033,21.5,75.6,46.8,4.5,https://www.basketball-reference.com/players/t/townska01/on-off/2018
Karl-Anthony Towns,townska01,2018-19,2019,MIN,2546,27.0,73.9,50.6,1422,20.5,76.8,47.6,3.0,https://www.basketball-reference.com/players/t/townska01/on-off/2019
Karl-Anthony Towns,townska01,2019-20,2020,MIN,1189,23.5,78.2,50.7,1926,21.3,76.6,47.4,3.3,https://www.basketball-reference.com/players/t/townska01/on-off/2020
Karl-Anthony Towns,townska01,2020-21,2021,MIN,1689,23.2,77.2,49.7,1796,22.3,76.3,47.8,1.9,https://www.basketball-reference.com/players/t/townska01/on-off/2021
Karl-Anthony Towns,townska01,2021-22,2022,MIN,2490,25.0,75.1,49.8,1470,23.3,74.7,47.8,2.0,https://www.basketball-reference.com/players/t/townska01/on-off/2022
Karl-Anthony Towns,townska01,2022-23,2023,MIN,922,23.5,76.0,50.9,2999,20.8,73.9,47.7,3.2,https://www.basketball-reference.com/players/t/townska01/on-off/2023
Karl-Anthony Towns,townska01,2023-24,2024,MIN,2028,22.7,77.1,51.7,1935,23.5,76.7,50.9,0.8,https://www.basketball-reference.com/players/t/townska01/on-off/2024
Karl-Anthony Towns,townska01,2024-25,2025,NYK,2519,25.3,75.5,50.9,1461,27.0,72.8,49.7,1.2,https://www.basketball-reference.com/players/t/townska01/on-off/2025
Karl-Anthony Towns,townska01,2025-26,2026,NYK,2322,27.8,77.4,52.7,1631,31.5,75.8,53.4,-0.7,https://www.basketball-reference.com/players/t/townska01/on-off/2026
Clint Capela,capelca01,2014-15,2015,HOU,89,17.4,71.3,47.4,3857,27.0,73.0,50.0,-2.6,https://www.basketball-reference.com/players/c/capelca01/on-off/2015
Clint Capela,capelca01,2015-16,2016,HOU,1465,29.4,72.8,50.8,2485,23.4,72.8,48.1,2.7,https://www.basketball-reference.com/players/c/capelca01/on-off/2016
Clint Capela,capelca01,2016-17,2017,HOU,1547,26.2,77.3,51.7,2396,23.6,74.8,49.2,2.5,https://www.basketball-reference.com/players/c/capelca01/on-off/2017
Clint Capela,capelca01,2017-18,2018,HOU,2021,23.0,79.8,51.6,1903,19.2,80.0,50.0,1.6,https://www.basketball-reference.com/players/c/capelca01/on-off/2018
Clint Capela,capelca01,2018-19,2019,HOU,2250,24.9,75.1,49.7,1721,20.2,73.4,45.9,3.8,https://www.basketball-reference.com/players/c/capelca01/on-off/2019
Clint Capela,capelca01,2019-20,2020,HOU,1279,26.0,77.1,51.3,2200,17.8,74.4,45.9,5.4,https://www.basketball-reference.com/players/c/capelca01/on-off/2020
Clint Capela,capelca01,2020-21,2021,ATL,1900,27.2,79.1,53.9,1584,20.8,76.1,48.8,5.1,https://www.basketball-reference.com/players/c/capelca01/on-off/2021
Clint Capela,capelca01,2021-22,2022,ATL,2042,25.0,77.5,51.6,1903,20.8,76.1,48.3,3.3,https://www.basketball-reference.com/players/c/capelca01/on-off/2022
Clint Capela,capelca01,2022-23,2023,ATL,1731,28.2,76.3,51.8,2244,22.6,75.5,48.9,2.9,https://www.basketball-reference.com/players/c/capelca01/on-off/2023
Clint Capela,capelca01,2023-24,2024,ATL,1883,31.1,76.1,52.5,2092,23.0,74.3,48.0,4.5,https://www.basketball-reference.com/players/c/capelca01/on-off/2024
Clint Capela,capelca01,2024-25,2025,ATL,1177,28.7,74.3,50.9,2782,25.2,76.7,50.3,0.6,https://www.basketball-reference.com/players/c/capelca01/on-off/2025
Clint Capela,capelca01,2025-26,2026,HOU,927,35.6,75.2,55.8,3056,34.5,74.3,54.6,1.2,https://www.basketball-reference.com/players/c/capelca01/on-off/2026
Domantas Sabonis,sabondo01,2016-17,2017,OKC,1625,24.6,79.0,52.0,2315,30.4,79.0,54.5,-2.5,https://www.basketball-reference.com/players/s/sabondo01/on-off/2017
Domantas Sabonis,sabondo01,2017-18,2018,IND,1795,24.7,77.6,51.4,2124,21.0,75.2,48.2,3.2,https://www.basketball-reference.com/players/s/sabondo01/on-off/2018
Domantas Sabonis,sabondo01,2018-19,2019,IND,1840,24.4,79.8,52.4,2104,19.8,73.3,47.3,5.1,https://www.basketball-reference.com/players/s/sabondo01/on-off/2019
Domantas Sabonis,sabondo01,2019-20,2020,IND,2161,21.3,77.9,49.8,1366,18.0,74.7,46.8,3.0,https://www.basketball-reference.com/players/s/sabondo01/on-off/2020
Domantas Sabonis,sabondo01,2020-21,2021,IND,2233,18.8,76.6,47.6,1262,22.8,71.9,47.8,-0.2,https://www.basketball-reference.com/players/s/sabondo01/on-off/2021
Domantas Sabonis,sabondo01,2021-22,2022,IND,1633,24.4,79.3,51.5,2348,26.3,74.1,49.7,1.8,https://www.basketball-reference.com/players/s/sabondo01/on-off/2022
Domantas Sabonis,sabondo01,2021-22,2022,SAC,504,21.5,83.9,52.6,3460,21.3,74.9,47.8,4.8,https://www.basketball-reference.com/players/s/sabondo01/on-off/2022
Domantas Sabonis,sabondo01,2022-23,2023,SAC,2704,22.6,77.5,50.2,1217,22.8,76.6,49.9,0.3,https://www.basketball-reference.com/players/s/sabondo01/on-off/2023
Domantas Sabonis,sabondo01,2023-24,2024,SAC,2918,23.9,79.3,50.8,1055,26.1,76.2,50.9,-0.1,https://www.basketball-reference.com/players/s/sabondo01/on-off/2024
Domantas Sabonis,sabondo01,2024-25,2025,SAC,2429,24.9,77.2,51.3,1549,26.0,76.4,50.7,0.6,https://www.basketball-reference.com/players/s/sabondo01/on-off/2025
Domantas Sabonis,sabondo01,2025-26,2026,SAC,563,25.3,76.3,49.6,3390,26.1,73.0,48.9,0.7,https://www.basketball-reference.com/players/s/sabondo01/on-off/2026
Julius Randle,randlju01,2014-15,2015,LAL,13,25.0,50.0,35.0,3957,25.4,76.3,49.9,-14.9,https://www.basketball-reference.com/players/r/randlju01/on-off/2015
Julius Randle,randlju01,2015-16,2016,LAL,2278,23.4,75.3,47.9,1653,23.1,73.8,48.2,-0.3,https://www.basketball-reference.com/players/r/randlju01/on-off/2016
Julius Randle,randlju01,2016-17,2017,LAL,2126,24.6,75.2,49.1,1799,25.5,76.3,49.9,-0.8,https://www.basketball-reference.com/players/r/randlju01/on-off/2017
Julius Randle,randlju01,2017-18,2018,LAL,2179,22.7,77.9,51.1,1777,24.7,77.4,50.6,0.5,https://www.basketball-reference.com/players/r/randlju01/on-off/2018
Julius Randle,randlju01,2018-19,2019,NOP,2233,25.1,76.4,51.2,1721,23.0,77.3,50.4,0.8,https://www.basketball-reference.com/players/r/randlju01/on-off/2019
Julius Randle,randlju01,2019-20,2020,NYK,2091,26.3,79.0,51.8,1104,24.6,77.1,50.2,1.6,https://www.basketball-reference.com/players/r/randlju01/on-off/2020
Julius Randle,randlju01,2020-21,2021,NYK,2656,21.6,79.5,51.0,834,22.9,75.2,49.1,1.9,https://www.basketball-reference.com/players/r/randlju01/on-off/2021
Julius Randle,randlju01,2021-22,2022,NYK,2545,25.0,78.5,50.9,1414,25.3,79.2,52.3,-1.4,https://www.basketball-reference.com/players/r/randlju01/on-off/2022
Julius Randle,randlju01,2022-23,2023,NYK,2738,28.5,76.8,52.5,1257,27.7,77.6,52.7,-0.2,https://www.basketball-reference.com/players/r/randlju01/on-off/2023
Julius Randle,randlju01,2023-24,2024,NYK,1632,29.7,76.6,53.5,2317,29.3,75.7,52.0,1.5,https://www.basketball-reference.com/players/r/randlju01/on-off/2024
Julius Randle,randlju01,2024-25,2025,MIN,2228,26.0,75.3,51.2,1741,25.6,74.8,50.3,0.9,https://www.basketball-reference.com/players/r/randlju01/on-off/2025
Julius Randle,randlju01,2025-26,2026,MIN,2611,25.4,73.4,50.0,1347,26.3,74.5,50.5,-0.5,https://www.basketball-reference.com/players/r/randlju01/on-off/2026
Brook Lopez,lopezbr01,2008-09,2009,NJN,2501,25.2,75.2,49.8,1465,25.2,70.6,47.7,2.1,https://www.basketball-reference.com/players/l/lopezbr01/on-off/2009
Brook Lopez,lopezbr01,2009-10,2010,NJN,3026,25.3,71.9,47.7,930,24.3,71.4,46.6,1.1,https://www.basketball-reference.com/players/l/lopezbr01/on-off/2010
Brook Lopez,lopezbr01,2010-11,2011,NJN,2887,25.8,74.1,49.2,1114,26.9,74.3,50.2,-1.0,https://www.basketball-reference.com/players/l/lopezbr01/on-off/2011
Brook Lopez,lopezbr01,2011-12,2012,NJN,136,23.0,71.2,47.0,3042,28.0,70.6,48.7,-1.7,https://www.basketball-reference.com/players/l/lopezbr01/on-off/2012
Brook Lopez,lopezbr01,2012-13,2013,BRK,2252,30.9,74.3,52.9,1719,31.0,72.8,51.1,1.8,https://www.basketball-reference.com/players/l/lopezbr01/on-off/2013
Brook Lopez,lopezbr01,2013-14,2014,BRK,531,22.9,74.7,50.3,3435,21.6,71.9,46.6,3.7,https://www.basketball-reference.com/players/l/lopezbr01/on-off/2014
Brook Lopez,lopezbr01,2014-15,2015,BRK,2092,24.2,75.0,49.5,1875,23.5,72.3,48.1,1.4,https://www.basketball-reference.com/players/l/lopezbr01/on-off/2015
Brook Lopez,lopezbr01,2015-16,2016,BRK,2448,22.8,77.1,50.2,1488,26.1,73.2,48.2,2.0,https://www.basketball-reference.com/players/l/lopezbr01/on-off/2016
Brook Lopez,lopezbr01,2016-17,2017,BRK,2213,19.1,77.5,49.0,1720,20.1,74.3,47.1,1.9,https://www.basketball-reference.com/players/l/lopezbr01/on-off/2017
Brook Lopez,lopezbr01,2017-18,2018,LAL,1728,22.5,78.6,51.0,2229,24.5,76.9,50.7,0.3,https://www.basketball-reference.com/players/l/lopezbr01/on-off/2018
Brook Lopez,lopezbr01,2018-19,2019,MIL,2322,19.4,80.9,52.6,1637,22.8,79.4,52.0,0.6,https://www.basketball-reference.com/players/l/lopezbr01/on-off/2019
Brook Lopez,lopezbr01,2019-20,2020,MIL,1818,18.0,82.5,52.6,1703,23.6,80.6,53.5,-0.9,https://www.basketball-reference.com/players/l/lopezbr01/on-off/2020
Brook Lopez,lopezbr01,2020-21,2021,MIL,1904,23.0,80.6,53.8,1565,23.7,78.6,51.1,2.7,https://www.basketball-reference.com/players/l/lopezbr01/on-off/2021
Brook Lopez,lopezbr01,2021-22,2022,MIL,298,23.4,81.5,52.5,3656,23.0,78.4,51.3,1.2,https://www.basketball-reference.com/players/l/lopezbr01/on-off/2022
Brook Lopez,lopezbr01,2022-23,2023,MIL,2373,25.5,79.6,54.0,1596,24.3,74.7,49.9,4.1,https://www.basketball-reference.com/players/l/lopezbr01/on-off/2023
Brook Lopez,lopezbr01,2023-24,2024,MIL,2412,21.1,78.0,50.8,1552,23.0,75.6,49.0,1.8,https://www.basketball-reference.com/players/l/lopezbr01/on-off/2024
Brook Lopez,lopezbr01,2024-25,2025,MIL,2546,18.4,77.1,48.9,1408,21.0,74.6,48.9,0.0,https://www.basketball-reference.com/players/l/lopezbr01/on-off/2025
Brook Lopez,lopezbr01,2025-26,2026,LAC,1647,20.6,73.2,47.5,2312,26.0,72.7,50.0,-2.5,https://www.basketball-reference.com/players/l/lopezbr01/on-off/2026
Draymond Green,greendr01,2012-13,2013,GSW,1060,26.6,76.8,52.4,2901,25.0,75.1,50.9,1.5,https://www.basketball-reference.com/players/g/greendr01/on-off/2013
Draymond Green,greendr01,2013-14,2014,GSW,1792,24.9,75.7,50.4,2160,25.3,76.7,51.8,-1.4,https://www.basketball-reference.com/players/g/greendr01/on-off/2014
Draymond Green,greendr01,2014-15,2015,GSW,2478,23.4,74.9,50.4,1451,25.2,73.5,49.5,0.9,https://www.basketball-reference.com/players/g/greendr01/on-off/2015
Draymond Green,greendr01,2015-16,2016,GSW,2797,23.1,77.0,52.4,1165,24.4,73.4,48.6,3.8,https://www.basketball-reference.com/players/g/greendr01/on-off/2016
Draymond Green,greendr01,2016-17,2017,GSW,2461,22.9,75.2,50.9,1478,23.0,74.4,50.0,0.9,https://www.basketball-reference.com/players/g/greendr01/on-off/2017
Draymond Green,greendr01,2017-18,2018,GSW,2276,19.5,76.3,50.2,1639,23.2,76.3,51.2,-1.0,https://www.basketball-reference.com/players/g/greendr01/on-off/2018
Draymond Green,greendr01,2018-19,2019,GSW,2067,20.3,77.0,50.8,1910,24.7,77.4,51.2,-0.4,https://www.basketball-reference.com/players/g/greendr01/on-off/2019
Draymond Green,greendr01,2019-20,2020,GSW,1222,18.9,78.1,47.6,1925,23.3,75.2,48.2,-0.6,https://www.basketball-reference.com/players/g/greendr01/on-off/2020
Draymond Green,greendr01,2020-21,2021,GSW,1982,18.6,76.6,48.7,1481,16.9,76.7,46.2,2.5,https://www.basketball-reference.com/players/g/greendr01/on-off/2021
Draymond Green,greendr01,2021-22,2022,GSW,1329,22.0,80.8,52.2,2620,23.3,77.6,51.3,0.9,https://www.basketball-reference.com/players/g/greendr01/on-off/2022
Draymond Green,greendr01,2022-23,2023,GSW,2299,24.2,76.1,51.3,1670,24.7,75.9,49.8,1.5,https://www.basketball-reference.com/players/g/greendr01/on-off/2023
Draymond Green,greendr01,2023-24,2024,GSW,1478,24.8,77.5,52.0,2491,29.1,75.2,52.2,-0.2,https://www.basketball-reference.com/players/g/greendr01/on-off/2024
Draymond Green,greendr01,2024-25,2025,GSW,1984,24.7,75.6,50.0,1964,29.7,75.6,51.5,-1.5,https://www.basketball-reference.com/players/g/greendr01/on-off/2025
Draymond Green,greendr01,2025-26,2026,GSW,1868,23.3,74.9,48.8,2095,28.0,71.1,49.0,-0.2,https://www.basketball-reference.com/players/g/greendr01/on-off/2026
Steven Adams,adamsst01,2013-14,2014,OKC,1196,31.7,76.4,54.8,2756,24.3,75.2,51.2,3.6,https://www.basketball-reference.com/players/a/adamsst01/on-off/2014
Steven Adams,adamsst01,2014-15,2015,OKC,1765,30.2,76.2,53.4,2182,27.9,75.2,52.1,1.3,https://www.basketball-reference.com/players/a/adamsst01/on-off/2015
Steven Adams,adamsst01,2015-16,2016,OKC,2007,30.6,76.4,54.8,1941,31.7,75.4,54.7,0.1,https://www.basketball-reference.com/players/a/adamsst01/on-off/2016
Steven Adams,adamsst01,2016-17,2017,OKC,2380,29.7,79.8,54.8,1561,25.4,77.6,51.4,3.4,https://www.basketball-reference.com/players/a/adamsst01/on-off/2017
Steven Adams,adamsst01,2017-18,2018,OKC,2470,31.6,78.5,54.1,1464,20.5,75.4,47.3,6.8,https://www.basketball-reference.com/players/a/adamsst01/on-off/2018
Steven Adams,adamsst01,2018-19,2019,OKC,2671,27.5,80.2,52.9,1303,22.8,74.1,47.9,5.0,https://www.basketball-reference.com/players/a/adamsst01/on-off/2019
Steven Adams,adamsst01,2019-20,2020,OKC,1681,22.5,77.8,51.3,1807,16.6,75.9,46.8,4.5,https://www.basketball-reference.com/players/a/adamsst01/on-off/2020
Steven Adams,adamsst01,2020-21,2021,NOP,1605,27.2,80.7,54.7,1885,25.6,79.3,51.9,2.8,https://www.basketball-reference.com/players/a/adamsst01/on-off/2021
Steven Adams,adamsst01,2021-22,2022,MEM,1999,33.6,78.5,55.9,1960,26.4,77.0,50.8,5.1,https://www.basketball-reference.com/players/a/adamsst01/on-off/2022
Steven Adams,adamsst01,2022-23,2023,MEM,1133,33.6,78.3,56.2,2778,23.6,74.8,49.2,7.0,https://www.basketball-reference.com/players/a/adamsst01/on-off/2023
Steven Adams,adamsst01,2024-25,2025,HOU,796,41.4,77.7,59.2,3163,29.3,75.8,52.1,7.1,https://www.basketball-reference.com/players/a/adamsst01/on-off/2025
Steven Adams,adamsst01,2025-26,2026,HOU,731,42.0,76.9,60.1,3252,33.2,73.9,53.7,6.4,https://www.basketball-reference.com/players/a/adamsst01/on-off/2026
Tobias Harris,harrito02,2011-12,2012,MIL,479,30.3,74.5,52.1,2694,27.3,70.3,48.1,4.0,https://www.basketball-reference.com/players/h/harrito02/on-off/2012
Tobias Harris,harrito02,2012-13,2013,MIL,325,28.4,73.0,49.2,3641,27.9,71.2,48.8,0.4,https://www.basketball-reference.com/players/h/harrito02/on-off/2013
Tobias Harris,harrito02,2012-13,2013,ORL,974,25.1,74.1,49.0,2982,25.5,74.8,50.3,-1.3,https://www.basketball-reference.com/players/h/harrito02/on-off/2013
Tobias Harris,harrito02,2013-14,2014,ORL,1847,22.6,74.6,48.0,2138,22.2,76.4,49.7,-1.7,https://www.basketball-reference.com/players/h/harrito02/on-off/2014
Tobias Harris,harrito02,2014-15,2015,ORL,2356,22.6,75.9,48.8,1574,23.8,76.1,49.3,-0.5,https://www.basketball-reference.com/players/h/harrito02/on-off/2015
Tobias Harris,harrito02,2015-16,2016,DET,900,25.5,79.7,52.8,3063,27.4,79.2,51.9,0.9,https://www.basketball-reference.com/players/h/harrito02/on-off/2016
Tobias Harris,harrito02,2015-16,2016,ORL,1603,23.9,77.6,50.4,2362,22.6,75.7,48.8,1.6,https://www.basketball-reference.com/players/h/harrito02/on-off/2016
Tobias Harris,harrito02,2016-17,2017,DET,2561,22.8,81.4,51.4,1391,26.3,81.0,51.9,-0.5,https://www.basketball-reference.com/players/h/harrito02/on-off/2017
Tobias Harris,harrito02,2017-18,2018,DET,1553,23.7,77.8,49.4,2378,22.0,78.9,50.3,-0.9,https://www.basketball-reference.com/players/h/harrito02/on-off/2018
Tobias Harris,harrito02,2017-18,2018,LAC,1096,22.7,77.9,50.5,2814,23.9,75.2,50.0,0.5,https://www.basketball-reference.com/players/h/harrito02/on-off/2018
Tobias Harris,harrito02,2018-19,2019,LAC,1904,21.7,76.1,49.9,2065,22.3,76.0,49.8,0.1,https://www.basketball-reference.com/players/h/harrito02/on-off/2019
Tobias Harris,harrito02,2018-19,2019,PHI,945,26.1,79.7,53.8,3020,24.0,78.2,51.9,1.9,https://www.basketball-reference.com/players/h/harrito02/on-off/2019
Tobias Harris,harrito02,2019-20,2020,PHI,2470,22.7,81.7,52.0,1052,27.1,77.0,52.3,-0.3,https://www.basketball-reference.com/players/h/harrito02/on-off/2020
Tobias Harris,harrito02,2020-21,2021,PHI,2015,21.5,78.8,51.4,1475,25.4,77.4,50.9,0.5,https://www.basketball-reference.com/players/h/harrito02/on-off/2021
Tobias Harris,harrito02,2021-22,2022,PHI,2543,18.9,78.0,49.1,1421,22.1,74.6,48.7,0.4,https://www.basketball-reference.com/players/h/harrito02/on-off/2022
Tobias Harris,harrito02,2022-23,2023,PHI,2436,21.5,77.4,50.2,1494,21.5,77.1,49.2,1.0,https://www.basketball-reference.com/players/h/harrito02/on-off/2023
Tobias Harris,harrito02,2023-24,2024,PHI,2369,24.7,75.6,49.8,1590,25.1,72.4,48.1,1.7,https://www.basketball-reference.com/players/h/harrito02/on-off/2024
Tobias Harris,harrito02,2024-25,2025,DET,2307,26.6,77.9,52.5,1656,25.7,73.4,49.7,2.8,https://www.basketball-reference.com/players/h/harrito02/on-off/2025
Tobias Harris,harrito02,2025-26,2026,DET,1746,32.4,75.2,54.1,2218,29.7,73.5,52.0,2.1,https://www.basketball-reference.com/players/h/harrito02/on-off/2026
Mason Plumlee,plumlma01,2013-14,2014,BRK,1273,22.8,69.2,45.9,2694,21.2,73.8,47.6,-1.7,https://www.basketball-reference.com/players/p/plumlma01/on-off/2014
Mason Plumlee,plumlma01,2014-15,2015,BRK,1734,23.5,72.1,47.9,2233,24.1,75.0,49.5,-1.6,https://www.basketball-reference.com/players/p/plumlma01/on-off/2015
Mason Plumlee,plumlma01,2015-16,2016,POR,2077,25.0,76.1,50.7,1871,26.9,76.4,51.4,-0.7,https://www.basketball-reference.com/players/p/plumlma01/on-off/2016
Mason Plumlee,plumlma01,2016-17,2017,DEN,628,24.3,75.2,51.1,3307,28.0,79.2,53.6,-2.5,https://www.basketball-reference.com/players/p/plumlma01/on-off/2017
Mason Plumlee,plumlma01,2016-17,2017,POR,1510,24.8,75.0,49.9,2458,22.0,77.8,49.7,0.2,https://www.basketball-reference.com/players/p/plumlma01/on-off/2017
Mason Plumlee,plumlma01,2017-18,2018,DEN,1431,25.1,74.8,50.6,2517,25.8,79.1,52.3,-1.7,https://www.basketball-reference.com/players/p/plumlma01/on-off/2018
Mason Plumlee,plumlma01,2018-19,2019,DEN,1733,26.0,76.2,51.4,2217,27.0,79.4,52.8,-1.4,https://www.basketball-reference.com/players/p/plumlma01/on-off/2019
Mason Plumlee,plumlma01,2019-20,2020,DEN,1058,25.1,75.9,50.5,2494,24.7,77.2,51.0,-0.5,https://www.basketball-reference.com/players/p/plumlma01/on-off/2020
Mason Plumlee,plumlma01,2020-21,2021,DET,1499,20.1,77.6,47.9,1990,23.4,76.4,50.0,-2.1,https://www.basketball-reference.com/players/p/plumlma01/on-off/2021
Mason Plumlee,plumlma01,2021-22,2022,CHO,1794,23.4,75.5,49.3,2185,23.2,74.2,48.2,1.1,https://www.basketball-reference.com/players/p/plumlma01/on-off/2022
Mason Plumlee,plumlma01,2022-23,2023,CHO,1596,24.1,76.2,48.5,2373,23.5,75.0,49.5,-1.0,https://www.basketball-reference.com/players/p/plumlma01/on-off/2023
Mason Plumlee,plumlma01,2022-23,2023,LAC,444,23.4,72.8,48.6,3476,22.9,77.1,50.2,-1.6,https://www.basketball-reference.com/players/p/plumlma01/on-off/2023
Mason Plumlee,plumlma01,2023-24,2024,LAC,675,23.1,71.9,48.4,3269,24.6,75.5,50.9,-2.5,https://www.basketball-reference.com/players/p/plumlma01/on-off/2024
Mason Plumlee,plumlma01,2024-25,2025,PHO,1302,23.3,73.7,49.5,2667,22.3,74.3,48.8,0.7,https://www.basketball-reference.com/players/p/plumlma01/on-off/2025
Mason Plumlee,plumlma01,2025-26,2026,CHO,124,32.6,80.0,58.0,3828,30.5,76.5,53.9,4.1,https://www.basketball-reference.com/players/p/plumlma01/on-off/2026
Mason Plumlee,plumlma01,2025-26,2026,SAS,47,29.8,80.5,53.4,3902,26.1,77.3,52.5,0.9,https://www.basketball-reference.com/players/p/plumlma01/on-off/2026
Bam Adebayo,adebaba01,2017-18,2018,MIA,1359,21.3,81.7,51.4,2598,21.5,77.9,49.6,1.8,https://www.basketball-reference.com/players/a/adebaba01/on-off/2018
Bam Adebayo,adebaba01,2018-19,2019,MIA,1914,22.5,78.4,50.3,2036,26.9,76.9,52.0,-1.7,https://www.basketball-reference.com/players/a/adebaba01/on-off/2019
Bam Adebayo,adebaba01,2019-20,2020,MIA,2418,19.4,80.4,51.4,1134,22.0,77.8,50.3,1.1,https://www.basketball-reference.com/players/a/adebaba01/on-off/2020
Bam Adebayo,adebaba01,2020-21,2021,MIA,2143,18.1,79.2,49.1,1335,21.6,75.8,49.3,-0.2,https://www.basketball-reference.com/players/a/adebaba01/on-off/2021
Bam Adebayo,adebaba01,2021-22,2022,MIA,1826,21.2,79.8,51.4,2148,25.3,76.5,51.0,0.4,https://www.basketball-reference.com/players/a/adebaba01/on-off/2022
Bam Adebayo,adebaba01,2022-23,2023,MIA,2599,21.8,78.4,49.7,1365,24.5,76.2,48.5,1.2,https://www.basketball-reference.com/players/a/adebaba01/on-off/2023
Bam Adebayo,adebaba01,2023-24,2024,MIA,2418,20.4,78.0,48.9,1536,24.1,78.3,51.1,-2.2,https://www.basketball-reference.com/players/a/adebaba01/on-off/2024
Bam Adebayo,adebaba01,2024-25,2025,MIA,2675,21.9,77.3,49.5,1315,23.0,73.0,48.8,0.7,https://www.basketball-reference.com/players/a/adebaba01/on-off/2025
Bam Adebayo,adebaba01,2025-26,2026,MIA,2365,24.8,77.7,50.9,1578,26.2,70.9,48.6,2.3,https://www.basketball-reference.com/players/a/adebaba01/on-off/2026
Taj Gibson,gibsota01,2009-10,2010,CHI,2204,28.3,74.6,51.8,1777,24.4,75.0,50.0,1.8,https://www.basketball-reference.com/players/g/gibsota01/on-off/2010
Taj Gibson,gibsota01,2010-11,2011,CHI,1742,32.5,76.6,55.3,2224,27.0,75.9,52.1,3.2,https://www.basketball-reference.com/players/g/gibsota01/on-off/2011
Taj Gibson,gibsota01,2011-12,2012,CHI,1284,35.6,74.1,55.3,1904,30.5,74.4,52.8,2.5,https://www.basketball-reference.com/players/g/gibsota01/on-off/2012
Taj Gibson,gibsota01,2012-13,2013,CHI,1459,31.6,73.1,52.3,2507,28.1,73.9,50.7,1.6,https://www.basketball-reference.com/players/g/gibsota01/on-off/2013
Taj Gibson,gibsota01,2013-14,2014,CHI,2345,28.2,74.1,52.4,1632,25.8,77.4,50.7,1.7,https://www.basketball-reference.com/players/g/gibsota01/on-off/2014
Taj Gibson,gibsota01,2014-15,2015,CHI,1684,29.2,74.1,52.0,2276,25.3,74.5,50.8,1.2,https://www.basketball-reference.com/players/g/gibsota01/on-off/2015
Taj Gibson,gibsota01,2015-16,2016,CHI,1931,25.6,73.7,50.6,2038,23.5,76.0,49.8,0.8,https://www.basketball-reference.com/players/g/gibsota01/on-off/2016
Taj Gibson,gibsota01,2016-17,2017,CHI,1496,29.4,77.3,53.0,2445,25.4,76.3,50.8,2.2,https://www.basketball-reference.com/players/g/gibsota01/on-off/2017
Taj Gibson,gibsota01,2016-17,2017,OKC,485,33.2,83.2,57.4,3456,27.3,78.4,52.9,4.5,https://www.basketball-reference.com/players/g/gibsota01/on-off/2017
Taj Gibson,gibsota01,2017-18,2018,MIN,2715,25.0,76.4,50.7,1223,23.0,76.4,48.8,1.9,https://www.basketball-reference.com/players/g/gibsota01/on-off/2018
Taj Gibson,gibsota01,2018-19,2019,MIN,1687,27.1,73.9,50.3,2281,22.9,75.6,48.9,1.4,https://www.basketball-reference.com/players/g/gibsota01/on-off/2019
Taj Gibson,gibsota01,2019-20,2020,NYK,1014,25.7,78.4,50.5,2182,25.7,78.3,51.6,-1.1,https://www.basketball-reference.com/players/g/gibsota01/on-off/2020
Taj Gibson,gibsota01,2020-21,2021,NYK,937,22.3,79.7,51.3,2553,21.8,78.1,50.3,1.0,https://www.basketball-reference.com/players/g/gibsota01/on-off/2021
Taj Gibson,gibsota01,2021-22,2022,NYK,947,25.3,78.8,51.7,3013,25.0,78.7,51.3,0.4,https://www.basketball-reference.com/players/g/gibsota01/on-off/2022
Taj Gibson,gibsota01,2022-23,2023,WAS,471,21.2,81.2,50.5,3436,22.8,75.3,50.3,0.2,https://www.basketball-reference.com/players/g/gibsota01/on-off/2023
Taj Gibson,gibsota01,2023-24,2024,DET,39,10.3,80.6,41.4,3915,24.0,77.3,50.2,-8.8,https://www.basketball-reference.com/players/g/gibsota01/on-off/2024
Taj Gibson,gibsota01,2023-24,2024,NYK,166,16.0,86.1,51.0,3784,30.0,75.6,52.7,-1.7,https://www.basketball-reference.com/players/g/gibsota01/on-off/2024
Taj Gibson,gibsota01,2024-25,2025,CHO,409,25.6,74.2,50.0,3545,26.6,74.5,50.0,0.0,https://www.basketball-reference.com/players/g/gibsota01/on-off/2025
Taj Gibson,gibsota01,2025-26,2026,MEM,97,25.3,74.7,49.5,3851,24.7,70.7,47.3,2.2,https://www.basketball-reference.com/players/g/gibsota01/on-off/2026
Jarrett Allen,allenja01,2017-18,2018,BRK,1431,22.7,74.3,48.8,2511,20.0,78.5,48.7,0.1,https://www.basketball-reference.com/players/a/allenja01/on-off/2018
Jarrett Allen,allenja01,2018-19,2019,BRK,2097,22.1,74.1,49.0,1902,25.4,79.0,51.4,-2.4,https://www.basketball-reference.com/players/a/allenja01/on-off/2019
Jarrett Allen,allenja01,2019-20,2020,BRK,1853,23.0,76.6,50.2,1646,23.4,79.1,52.0,-1.8,https://www.basketball-reference.com/players/a/allenja01/on-off/2020
Jarrett Allen,allenja01,2020-21,2021,BRK,320,22.1,76.1,51.8,3164,21.4,77.4,50.7,1.1,https://www.basketball-reference.com/players/a/allenja01/on-off/2021
Jarrett Allen,allenja01,2020-21,2021,CLE,1545,24.9,76.0,50.3,1944,22.6,77.1,48.8,1.5,https://www.basketball-reference.com/players/a/allenja01/on-off/2021
Jarrett Allen,allenja01,2021-22,2022,CLE,1810,25.6,75.3,51.6,2139,22.6,77.5,50.0,1.6,https://www.basketball-reference.com/players/a/allenja01/on-off/2022
Jarrett Allen,allenja01,2022-23,2023,CLE,2221,25.6,78.0,52.1,1759,21.1,74.1,47.2,4.9,https://www.basketball-reference.com/players/a/allenja01/on-off/2023
Jarrett Allen,allenja01,2023-24,2024,CLE,2443,23.6,77.1,50.8,1520,22.5,76.6,49.7,1.1,https://www.basketball-reference.com/players/a/allenja01/on-off/2024
Jarrett Allen,allenja01,2024-25,2025,CLE,2297,26.7,75.1,51.7,1656,24.8,74.3,50.1,1.6,https://www.basketball-reference.com/players/a/allenja01/on-off/2025
Jarrett Allen,allenja01,2025-26,2026,CLE,1519,28.2,74.4,52.3,2433,26.1,74.4,49.8,2.5,https://www.basketball-reference.com/players/a/allenja01/on-off/2026
Jusuf Nurkic,nurkiju01,2014-15,2015,DEN,1098,26.1,74.7,49.9,2861,26.8,74.7,49.7,0.2,https://www.basketball-reference.com/players/n/nurkiju01/on-off/2015
Jusuf Nurkic,nurkiju01,2015-16,2016,DEN,545,25.4,78.5,51.4,3407,25.9,77.0,51.1,0.3,https://www.basketball-reference.com/players/n/nurkiju01/on-off/2016
Jusuf Nurkic,nurkiju01,2016-17,2017,DEN,804,28.9,78.3,53.8,3131,27.0,78.6,53.0,0.8,https://www.basketball-reference.com/players/n/nurkiju01/on-off/2017
Jusuf Nurkic,nurkiju01,2016-17,2017,POR,580,28.6,77.1,54.4,3388,22.1,76.7,49.0,5.4,https://www.basketball-reference.com/players/n/nurkiju01/on-off/2017
Jusuf Nurkic,nurkiju01,2017-18,2018,POR,2080,22.4,79.3,50.9,1848,24.1,79.1,52.0,-1.1,https://www.basketball-reference.com/players/n/nurkiju01/on-off/2018
Jusuf Nurkic,nurkiju01,2018-19,2019,POR,1974,28.1,79.3,54.3,2001,25.1,76.5,51.4,2.9,https://www.basketball-reference.com/players/n/nurkiju01/on-off/2019
Jusuf Nurkic,nurkiju01,2019-20,2020,POR,253,25.8,77.9,50.9,3317,22.1,75.2,49.1,1.8,https://www.basketball-reference.com/players/n/nurkiju01/on-off/2020
Jusuf Nurkic,nurkiju01,2020-21,2021,POR,881,19.6,81.6,49.8,2583,24.1,76.1,49.4,0.4,https://www.basketball-reference.com/players/n/nurkiju01/on-off/2021
Jusuf Nurkic,nurkiju01,2021-22,2022,POR,1579,21.9,80.5,50.8,2369,23.7,74.3,47.7,3.1,https://www.basketball-reference.com/players/n/nurkiju01/on-off/2022
Jusuf Nurkic,nurkiju01,2022-23,2023,POR,1392,22.5,77.8,50.8,2509,22.3,73.1,47.1,3.7,https://www.basketball-reference.com/players/n/nurkiju01/on-off/2023
Jusuf Nurkic,nurkiju01,2023-24,2024,PHO,2079,25.9,79.0,53.9,1881,24.1,71.8,49.0,4.9,https://www.basketball-reference.com/players/n/nurkiju01/on-off/2024
Jusuf Nurkic,nurkiju01,2024-25,2025,CHO,473,20.9,75.7,48.4,3481,27.2,74.3,50.2,-1.8,https://www.basketball-reference.com/players/n/nurkiju01/on-off/2025
Jusuf Nurkic,nurkiju01,2024-25,2025,PHO,592,21.1,77.0,49.3,3377,22.9,73.6,49.0,0.3,https://www.basketball-reference.com/players/n/nurkiju01/on-off/2025
Jusuf Nurkic,nurkiju01,2025-26,2026,UTA,1083,26.9,79.2,53.1,2885,25.9,70.3,47.3,5.8,https://www.basketball-reference.com/players/n/nurkiju01/on-off/2026
Joel Embiid,embiijo01,2016-17,2017,PHI,783,22.7,77.3,51.5,3161,22.3,74.8,48.2,3.3,https://www.basketball-reference.com/players/e/embiijo01/on-off/2017
Joel Embiid,embiijo01,2017-18,2018,PHI,1901,24.8,78.0,53.2,2025,25.7,79.0,52.6,0.6,https://www.basketball-reference.com/players/e/embiijo01/on-off/2018
Joel Embiid,embiijo01,2018-19,2019,PHI,2157,23.8,79.1,53.4,1808,25.3,78.0,51.1,2.3,https://www.basketball-reference.com/players/e/embiijo01/on-off/2019
Joel Embiid,embiijo01,2019-20,2020,PHI,1507,24.6,80.9,53.6,2015,23.5,79.7,50.9,2.7,https://www.basketball-reference.com/players/e/embiijo01/on-off/2020
Joel Embiid,embiijo01,2020-21,2021,PHI,1586,20.4,78.0,51.0,1903,25.3,78.4,51.3,-0.3,https://www.basketball-reference.com/players/e/embiijo01/on-off/2021
Joel Embiid,embiijo01,2021-22,2022,PHI,2296,16.4,77.0,48.1,1667,24.8,76.4,50.1,-2.0,https://www.basketball-reference.com/players/e/embiijo01/on-off/2022
Joel Embiid,embiijo01,2022-23,2023,PHI,2252,19.2,78.0,50.1,1679,24.3,76.3,49.5,0.6,https://www.basketball-reference.com/players/e/embiijo01/on-off/2023
Joel Embiid,embiijo01,2023-24,2024,PHI,1310,23.1,75.7,50.4,2648,25.6,73.6,48.5,1.9,https://www.basketball-reference.com/players/e/embiijo01/on-off/2024
Joel Embiid,embiijo01,2024-25,2025,PHI,575,19.1,74.9,46.6,3389,24.2,71.3,46.7,-0.1,https://www.basketball-reference.com/players/e/embiijo01/on-off/2025
Joel Embiid,embiijo01,2025-26,2026,PHI,1202,23.5,73.0,48.7,2777,27.3,72.3,49.2,-0.5,https://www.basketball-reference.com/players/e/embiijo01/on-off/2026
Ivica Zubac,zubaciv01,2016-17,2017,LAL,606,20.6,73.1,46.6,3319,25.8,76.2,50.0,-3.4,https://www.basketball-reference.com/players/z/zubaciv01/on-off/2017
Ivica Zubac,zubaciv01,2017-18,2018,LAL,405,23.6,80.2,52.9,3552,23.6,77.3,50.6,2.3,https://www.basketball-reference.com/players/z/zubaciv01/on-off/2018
Ivica Zubac,zubaciv01,2018-19,2019,LAC,524,21.5,81.3,51.7,3445,22.1,75.3,49.6,2.1,https://www.basketball-reference.com/players/z/zubaciv01/on-off/2019
Ivica Zubac,zubaciv01,2018-19,2019,LAL,516,23.0,77.4,51.8,3444,22.1,76.2,49.6,2.2,https://www.basketball-reference.com/players/z/zubaciv01/on-off/2019
Ivica Zubac,zubaciv01,2019-20,2020,LAC,1326,25.8,78.8,52.7,2152,22.2,76.8,50.4,2.3,https://www.basketball-reference.com/players/z/zubaciv01/on-off/2020
Ivica Zubac,zubaciv01,2020-21,2021,LAC,1611,24.8,80.7,54.0,1849,20.9,77.8,49.8,4.2,https://www.basketball-reference.com/players/z/zubaciv01/on-off/2021
Ivica Zubac,zubaciv01,2021-22,2022,LAC,1853,20.9,76.0,48.9,2108,20.3,73.1,47.8,1.1,https://www.basketball-reference.com/players/z/zubaciv01/on-off/2022
Ivica Zubac,zubaciv01,2022-23,2023,LAC,2145,22.7,78.6,51.2,1775,23.2,74.1,48.7,2.5,https://www.basketball-reference.com/players/z/zubaciv01/on-off/2023
Ivica Zubac,zubaciv01,2023-24,2024,LAC,1795,25.1,76.9,52.3,2149,23.8,73.0,48.9,3.4,https://www.basketball-reference.com/players/z/zubaciv01/on-off/2024
Ivica Zubac,zubaciv01,2024-25,2025,LAC,2626,25.1,78.6,52.6,1339,23.2,75.3,49.0,3.6,https://www.basketball-reference.com/players/z/zubaciv01/on-off/2025
Ivica Zubac,zubaciv01,2025-26,2026,IND,119,24.3,68.1,46.8,3835,21.6,74.3,47.4,-0.6,https://www.basketball-reference.com/players/z/zubaciv01/on-off/2026
Ivica Zubac,zubaciv01,2025-26,2026,LAC,1330,25.7,74.4,51.0,2629,22.6,72.1,47.9,3.1,https://www.basketball-reference.com/players/z/zubaciv01/on-off/2026
Bismack Biyombo,biyombi01,2011-12,2012,CHA,1455,24.5,70.2,47.0,1723,22.9,71.5,45.8,1.2,https://www.basketball-reference.com/players/b/biyombi01/on-off/2012
Bismack Biyombo,biyombi01,2012-13,2013,CHA,2186,26.9,72.0,49.0,1775,24.4,69.9,46.2,2.8,https://www.basketball-reference.com/players/b/biyombi01/on-off/2013
Bismack Biyombo,biyombi01,2013-14,2014,CHA,1070,23.6,75.0,49.3,2905,21.3,78.6,49.8,-0.5,https://www.basketball-reference.com/players/b/biyombi01/on-off/2014
Bismack Biyombo,biyombi01,2014-15,2015,CHO,1238,25.9,78.1,51.2,2729,20.3,79.8,49.4,1.8,https://www.basketball-reference.com/players/b/biyombi01/on-off/2015
Bismack Biyombo,biyombi01,2015-16,2016,TOR,1801,24.4,77.1,51.5,2144,24.8,78.3,51.6,-0.1,https://www.basketball-reference.com/players/b/biyombi01/on-off/2016
Bismack Biyombo,biyombi01,2016-17,2017,ORL,1788,21.4,76.4,48.4,2161,21.8,78.1,49.0,-0.6,https://www.basketball-reference.com/players/b/biyombi01/on-off/2017
Bismack Biyombo,biyombi01,2017-18,2018,ORL,1488,22.2,72.3,46.7,2432,18.6,77.7,48.2,-1.5,https://www.basketball-reference.com/players/b/biyombi01/on-off/2018
Bismack Biyombo,biyombi01,2018-19,2019,CHO,782,20.7,78.7,49.5,3186,22.0,76.7,48.7,0.8,https://www.basketball-reference.com/players/b/biyombi01/on-off/2019
Bismack Biyombo,biyombi01,2019-20,2020,CHO,1030,24.8,74.5,49.4,2122,23.5,74.4,47.7,1.7,https://www.basketball-reference.com/players/b/biyombi01/on-off/2020
Bismack Biyombo,biyombi01,2020-21,2021,CHO,1351,23.9,77.3,49.9,2123,23.2,74.6,48.8,1.1,https://www.basketball-reference.com/players/b/biyombi01/on-off/2021
Bismack Biyombo,biyombi01,2021-22,2022,PHO,507,24.6,80.2,51.8,3442,22.0,76.7,50.3,1.5,https://www.basketball-reference.com/players/b/biyombi01/on-off/2022
Bismack Biyombo,biyombi01,2022-23,2023,PHO,855,28.2,74.6,51.0,3056,26.2,76.5,50.7,0.3,https://www.basketball-reference.com/players/b/biyombi01/on-off/2023
Bismack Biyombo,biyombi01,2023-24,2024,MEM,718,24.7,77.3,51.3,3253,23.6,74.3,47.6,3.7,https://www.basketball-reference.com/players/b/biyombi01/on-off/2024
Bismack Biyombo,biyombi01,2023-24,2024,OKC,73,16.9,78.4,48.3,3891,21.2,73.7,48.5,-0.2,https://www.basketball-reference.com/players/b/biyombi01/on-off/2024
Bismack Biyombo,biyombi01,2024-25,2025,SAS,528,19.1,71.4,45.6,3420,25.1,73.3,49.1,-3.5,https://www.basketball-reference.com/players/b/biyombi01/on-off/2025
Bismack Biyombo,biyombi01,2025-26,2026,SAS,141,17.6,73.4,45.6,3808,26.5,77.5,52.7,-7.1,https://www.basketball-reference.com/players/b/biyombi01/on-off/2026
Bobby Portis,portibo01,2015-16,2016,CHI,1098,25.2,76.3,50.0,2870,24.2,74.4,50.3,-0.3,https://www.basketball-reference.com/players/p/portibo01/on-off/2016
Bobby Portis,portibo01,2016-17,2017,CHI,996,23.9,75.7,49.1,2946,28.0,77.0,52.5,-3.4,https://www.basketball-reference.com/players/p/portibo01/on-off/2017
Bobby Portis,portibo01,2017-18,2018,CHI,1631,22.9,79.6,50.2,2314,18.8,81.4,49.0,1.2,https://www.basketball-reference.com/players/p/portibo01/on-off/2018
Bobby Portis,portibo01,2018-19,2019,CHI,531,18.4,75.7,47.2,3453,19.5,77.5,48.1,-0.9,https://www.basketball-reference.com/players/p/portibo01/on-off/2019
Bobby Portis,portibo01,2018-19,2019,WAS,768,23.1,75.9,49.3,3221,20.8,73.7,46.8,2.5,https://www.basketball-reference.com/players/p/portibo01/on-off/2019
Bobby Portis,portibo01,2019-20,2020,NYK,1384,23.6,78.5,50.6,1811,27.3,78.2,51.8,-1.2,https://www.basketball-reference.com/players/p/portibo01/on-off/2020
Bobby Portis,portibo01,2020-21,2021,MIL,1374,25.6,78.6,52.5,2094,21.8,80.5,52.6,-0.1,https://www.basketball-reference.com/players/p/portibo01/on-off/2021
Bobby Portis,portibo01,2021-22,2022,MIL,2030,24.8,79.8,53.0,1925,21.1,77.4,49.8,3.2,https://www.basketball-reference.com/players/p/portibo01/on-off/2022
Bobby Portis,portibo01,2022-23,2023,MIL,1819,26.2,76.5,52.0,2150,23.9,78.9,52.8,-0.8,https://www.basketball-reference.com/players/p/portibo01/on-off/2023
Bobby Portis,portibo01,2023-24,2024,MIL,2011,23.5,76.4,50.0,1952,20.1,77.9,50.2,-0.2,https://www.basketball-reference.com/players/p/portibo01/on-off/2024
Bobby Portis,portibo01,2024-25,2025,MIL,1245,19.6,76.0,48.8,2709,19.2,76.3,49.0,-0.2,https://www.basketball-reference.com/players/p/portibo01/on-off/2025
Bobby Portis,portibo01,2025-26,2026,MIL,1621,21.2,73.1,47.8,2333,21.0,74.9,47.8,0.0,https://www.basketball-reference.com/players/p/portibo01/on-off/2026
